predict_cluster_gmm,burger,fries,salad,shake,hour,store_1.0,store_2.0,store_3.0,store_4.0,store_5.0,store_6.0,store_7.0,store_8.0,store_9.0
0,1.7367638205191769,1.7937812090519532,0.057017388532776145,0.3258490632857598,0.1880157240500053,871,11178,901,834,632,11209,801,905,906
1,3.1801150911349407,3.3823357923289477,0.20222070119400715,2.8256648160823383,18.74525312444546,1367,3078,1378,9126,1226,3268,9167,1674,9163
2,0.34134793910137395,2.234280232702067,1.8929322936006931,0.11635103354375542,12.221066963733135,6370,1343,6433,1316,6279,1275,1329,6584,1387
